Class,AP
person,0.0452069816579196
vehicle,0.119813129683513
