Class,AP
person,0.027997750384888
vehicle,0.0838711487865707
