Class,Thermal_AP,RGB_AP
person,0.036985,0.00078882
vehicle,0.12098,0.032799
Mean,0.079,0.0168
