Class,AP
person,0.00185022139243756
vehicle,0.0190540004654798
