Class,AP
person,0.00333221662438292
vehicle,0.0229791419540249
